PRAGMA defer_foreign_keys=TRUE;
CREATE TABLE Users (
    UserId INTEGER PRIMARY KEY AUTOINCREMENT, 
    Email TEXT UNIQUE, 
    Password TEXT
);
INSERT INTO Users VALUES(1,'eloirebollo97@gmail.com','elo12597');
INSERT INTO Users VALUES(2,'eloirebollo@gmail.com','Thomas Hardy');
INSERT INTO Users VALUES(4,'eloirebollodp@gmail.com','Yk2KSNAZ6XLnIAPF6zxB0RTKfigAEoZLY9ww4UNAMbo3z93SHwDNSc4Cmo06mLyH');
INSERT INTO Users VALUES(6,'eloirebollo1@gmail.com','vJcKgmXsXq9xmvVxtiPqQZSXYgGcMk+TSIUyAStF0li/4FnV9c0FCX7Rdrs41ft1');
INSERT INTO Users VALUES(7,'eloirebollo2@gmail.com','xwjLh3W5eYhA6Gnuj8Z9LyB6UFlxZSXKxrKlSb+7VeilXsC49r7e9hqrRlk2GpRS');
INSERT INTO Users VALUES(8,'eloirebollodp6@gmail.com','/0IbDQsNrXhWuSLPstpSpyBSHIfh/8VJXvrkQR7mr+J9V68b5BXeWgkYQQ+1+Qvb');
INSERT INTO Users VALUES(9,'eloirebollodp7@gmail.com','c8pPHGB2LvLWGkLd6eUSujt8ricnVM38+iWoj4j9g8XT6dwY0vnPxDTiaCk66KIH');
INSERT INTO Users VALUES(10,'eloirebollo7@gmail.com','VnTkCnP3IMxNJ2FmNe0chl5k5mngvbtnZJz0qLvaWHkm2DWJuuBjqQp5nloehiLX');
INSERT INTO Users VALUES(11,'eloirebollo8@gmail.com','Z71ELZOPUMWk41w3OzpTZF0lkZ6mLFY/fZLVwpOv8AEtBxhj59imYJx4VcyRiSiK');
INSERT INTO Users VALUES(12,'eloirebollod10@gmail.com','8dP1J5G7WD/pkYb8P13Bmymeb4poc8Nwwzb7xslEmjrLRDUkEx4hqFVPlq4mA1Ob');
INSERT INTO Users VALUES(13,'eloi@gmail.com','Lp3YDLcX+9sgDPyw12l0JenaGZtMBs7CiAn0WgHdob1RIjPupxV8lGWyDdLt0NBh');
INSERT INTO Users VALUES(14,'email@email.com','D/aaH2t1YrPmHQS7ZgENFP7JwFkk8UIOlPcpP5uNsVHBeRBIiDPAk2h9qMa1TSBu');
INSERT INTO Users VALUES(15,'Rebolloalba6@gmail.com','4YtAIgmqMtwkTKDLNc6HnxyfMCADI0qhleNfqmzPJOmY5RZm9Syq1Sov+XUqGAqd');
CREATE TABLE GrupMuscular (
    GrupMuscularId INTEGER PRIMARY KEY AUTOINCREMENT, 
    Nom TEXT UNIQUE
);
INSERT INTO GrupMuscular VALUES(1,'Pectoral');
INSERT INTO GrupMuscular VALUES(2,'Hombros');
INSERT INTO GrupMuscular VALUES(3,'Biceps');
INSERT INTO GrupMuscular VALUES(4,'Triceps');
INSERT INTO GrupMuscular VALUES(5,'Dorsals');
INSERT INTO GrupMuscular VALUES(6,'Trapezi');
INSERT INTO GrupMuscular VALUES(7,'Core');
INSERT INTO GrupMuscular VALUES(8,'Gltuis');
INSERT INTO GrupMuscular VALUES(9,'Quadriceps');
INSERT INTO GrupMuscular VALUES(10,'Lumbars');
INSERT INTO GrupMuscular VALUES(11,'Femoral');
INSERT INTO GrupMuscular VALUES(12,'Bessons');
CREATE TABLE Exercici (
    ExerciciId INTEGER PRIMARY KEY AUTOINCREMENT, 
    Nom TEXT,
    UserId INTEGER,
    PR INTEGER DEFAULT 0,
    GrupMuscular1 INTEGER,
    GrupMuscular2 INTEGER,
    GrupMuscular3 INTEGER,
    GrupMuscular4 INTEGER,
    GrupMuscular5 INTEGER,
    FOREIGN KEY (UserId) REFERENCES Users(UserId),
    FOREIGN KEY (GrupMuscular1) REFERENCES GrupMuscular(GrupMuscularId),
    FOREIGN KEY (GrupMuscular2) REFERENCES GrupMuscular(GrupMuscularId),
    FOREIGN KEY (GrupMuscular3) REFERENCES GrupMuscular(GrupMuscularId),
    FOREIGN KEY (GrupMuscular4) REFERENCES GrupMuscular(GrupMuscularId),
    FOREIGN KEY (GrupMuscular5) REFERENCES GrupMuscular(GrupMuscularId)
);
INSERT INTO Exercici VALUES(1,'Press Banca',1,0,1,NULL,NULL,NULL,NULL);
INSERT INTO Exercici VALUES(2,'Flexions',13,57,1,2,4,NULL,NULL);
INSERT INTO Exercici VALUES(3,'Dominades',13,79,3,5,NULL,NULL,NULL);
INSERT INTO Exercici VALUES(4,'Muscle Up ',13,0,2,3,4,5,6);
INSERT INTO Exercici VALUES(5,'Enpinar El Codo',14,20,2,NULL,NULL,NULL,NULL);
INSERT INTO Exercici VALUES(6,'Pechote En Barra',14,50,1,NULL,NULL,NULL,NULL);
INSERT INTO Exercici VALUES(7,'Pes Mort',13,110,8,10,NULL,NULL,NULL);
INSERT INTO Exercici VALUES(8,'Press Banca',15,40,1,4,NULL,NULL,NULL);
INSERT INTO Exercici VALUES(9,'Press Banca ',13,100,1,4,NULL,NULL,NULL);
INSERT INTO Exercici VALUES(10,'Leg Extension',13,105,9,NULL,NULL,NULL,NULL);
INSERT INTO Exercici VALUES(11,'Leg Curl ',13,65,11,NULL,NULL,NULL,NULL);
INSERT INTO Exercici VALUES(12,'Leg Curl Extended Range ',13,40,11,NULL,NULL,NULL,NULL);
INSERT INTO Exercici VALUES(13,'Hack Squad Explosiva ',13,40,9,NULL,NULL,NULL,NULL);
INSERT INTO Exercici VALUES(14,'Sentadilla Multipower',13,60,9,8,NULL,NULL,NULL);
INSERT INTO Exercici VALUES(15,'Russian Swing',13,20,10,8,11,NULL,NULL);
INSERT INTO Exercici VALUES(16,'Hombros Obertura',15,10,2,NULL,NULL,NULL,NULL);
INSERT INTO Exercici VALUES(17,'Dominades Neutres',13,80,3,5,6,NULL,NULL);
INSERT INTO Exercici VALUES(18,'Dominades Obertes',13,80,3,5,6,NULL,NULL);
INSERT INTO Exercici VALUES(19,'Dominades Prones',13,0,3,5,6,NULL,NULL);
INSERT INTO Exercici VALUES(20,'Esquena Invertit',15,NULL,6,NULL,NULL,NULL,NULL);
INSERT INTO Exercici VALUES(21,'Press Militar Amb Mancuernes',13,40,2,NULL,NULL,NULL,NULL);
INSERT INTO Exercici VALUES(22,'Lumbar Invertit (maquina Fixe)',15,5,10,NULL,NULL,NULL,NULL);
INSERT INTO Exercici VALUES(23,'Vertical Row',13,60,4,5,3,NULL,NULL);
INSERT INTO Exercici VALUES(24,'Chest Press',15,30,1,NULL,NULL,NULL,NULL);
CREATE TABLE Entreno (
    EntrenoId INTEGER PRIMARY KEY AUTOINCREMENT, 
    UserId INTEGER,
    Data INTEGER, 
    CargaTotal INTEGER,
    Nom TEXT,
    Descripcio TEXT,
    Puntuacio INTEGER CHECK (Puntuacio >= 1 AND Puntuacio <= 5),
    FOREIGN KEY (UserId) REFERENCES Users(UserId)
);
INSERT INTO Entreno VALUES(1,1,0,0,'Entreno 1','Descripción del entreno 1',3);
INSERT INTO Entreno VALUES(2,4,1741046033,0,'Entreno #1','',3);
INSERT INTO Entreno VALUES(3,13,1741047173,1803,'primer entreno','',3);
INSERT INTO Entreno VALUES(4,14,1741106196,100,'Alex entrena ','',3);
INSERT INTO Entreno VALUES(5,14,1741106505,100,'Entreno #2','',3);
INSERT INTO Entreno VALUES(6,14,1741106579,250,'Entreno chill','Entreno chill en el parke',5);
INSERT INTO Entreno VALUES(7,14,1741106722,0,'Entreno #4','',3);
INSERT INTO Entreno VALUES(8,13,1741181481,18956,'Dimecres leg day','',2);
INSERT INTO Entreno VALUES(9,15,1741182153,940,'Entreno #1','',3);
INSERT INTO Entreno VALUES(10,13,1741352184,8465,'Divendres tronc ','',4);
INSERT INTO Entreno VALUES(11,15,1741353747,3630,'Entreno #2','',3);
CREATE TABLE Series (
    SerieId INTEGER PRIMARY KEY AUTOINCREMENT, 
    UserId INTEGER,
    EntrenoId INTEGER,
    ExerciciId INTEGER,
    Kg INTEGER,
    Reps INTEGER,
    Data INTEGER, 
    Carga INTEGER, 
    PR BOOLEAN DEFAULT FALSE,
    FOREIGN KEY (UserId) REFERENCES Users(UserId),
    FOREIGN KEY (EntrenoId) REFERENCES Entreno(EntrenoId),
    FOREIGN KEY (ExerciciId) REFERENCES Exercici(ExerciciId)
);
INSERT INTO Series VALUES(1,1,1,1,10,10,1765849,100,1);
INSERT INTO Series VALUES(2,13,3,2,57,15,1741047599,855,1);
INSERT INTO Series VALUES(3,13,3,3,79,12,1741048343,948,1);
INSERT INTO Series VALUES(4,14,4,5,5,20,1741106238,100,1);
INSERT INTO Series VALUES(5,14,5,5,20,5,1741106521,100,1);
INSERT INTO Series VALUES(6,14,6,6,50,3,1741106631,150,1);
INSERT INTO Series VALUES(7,14,6,5,10,10,1741106656,100,0);
INSERT INTO Series VALUES(8,13,8,7,60,15,1741181657,900,0);
INSERT INTO Series VALUES(9,13,8,7,100,5,1741181898,500,0);
INSERT INTO Series VALUES(10,13,8,7,80,10,1741182090,800,0);
INSERT INTO Series VALUES(11,15,9,8,30,22,1741182193,660,0);
INSERT INTO Series VALUES(12,15,9,8,40,4,1741182316,160,1);
INSERT INTO Series VALUES(13,13,8,7,80,10,1741182352,800,0);
INSERT INTO Series VALUES(14,15,9,8,40,3,1741182450,120,1);
INSERT INTO Series VALUES(15,13,8,7,110,3,1741182638,330,1);
INSERT INTO Series VALUES(16,13,8,9,65,20,1741183071,1300,0);
INSERT INTO Series VALUES(17,13,8,10,60,12,1741183456,720,0);
INSERT INTO Series VALUES(18,13,8,10,80,80,1741183534,6400,0);
INSERT INTO Series VALUES(19,13,8,10,95,8,1741183660,760,0);
INSERT INTO Series VALUES(20,13,8,10,105,8,1741183813,840,1);
INSERT INTO Series VALUES(21,13,8,10,105,8,1741183967,840,1);
INSERT INTO Series VALUES(22,13,8,11,30,12,1741184120,360,0);
INSERT INTO Series VALUES(23,13,8,11,55,12,1741184441,660,0);
INSERT INTO Series VALUES(24,13,8,11,65,10,1741184546,650,1);
INSERT INTO Series VALUES(25,13,8,12,40,6,1741184693,240,1);
INSERT INTO Series VALUES(26,13,8,13,40,8,1741184917,320,1);
INSERT INTO Series VALUES(27,13,8,14,20,12,1741185064,240,0);
INSERT INTO Series VALUES(28,13,8,14,60,8,1741185223,480,1);
INSERT INTO Series VALUES(29,13,8,14,60,8,1741185615,480,1);
INSERT INTO Series VALUES(30,13,8,14,60,8,1741185796,480,1);
INSERT INTO Series VALUES(31,13,8,15,12,12,1741186013,144,0);
INSERT INTO Series VALUES(32,13,8,15,12,15,1741186143,180,0);
INSERT INTO Series VALUES(33,13,8,15,12,15,1741186285,180,0);
INSERT INTO Series VALUES(34,13,8,15,12,16,1741186488,192,0);
INSERT INTO Series VALUES(35,13,8,15,20,8,1741186675,160,1);
INSERT INTO Series VALUES(36,13,10,9,20,20,1741352210,400,0);
INSERT INTO Series VALUES(37,13,10,9,100,3,1741352597,300,1);
INSERT INTO Series VALUES(38,13,10,9,100,4,1741352866,400,0);
INSERT INTO Series VALUES(39,13,10,9,90,5,1741353088,450,0);
INSERT INTO Series VALUES(40,13,10,9,85,7,1741353285,595,0);
INSERT INTO Series VALUES(41,15,11,8,30,25,1741353769,750,0);
INSERT INTO Series VALUES(42,15,11,8,40,5,1741353785,200,0);
INSERT INTO Series VALUES(43,15,11,8,35,10,1741353797,350,0);
INSERT INTO Series VALUES(44,15,11,8,35,8,1741353807,280,0);
INSERT INTO Series VALUES(45,15,11,16,10,10,1741353954,100,1);
INSERT INTO Series VALUES(46,15,11,16,10,10,1741354023,100,1);
INSERT INTO Series VALUES(47,15,11,16,10,10,1741354111,100,1);
INSERT INTO Series VALUES(48,13,10,17,80,11,1741354121,880,1);
INSERT INTO Series VALUES(49,13,10,18,80,10,1741354252,800,1);
INSERT INTO Series VALUES(50,15,11,16,10,10,1741354356,100,1);
INSERT INTO Series VALUES(51,13,10,17,80,8,1741354503,640,0);
INSERT INTO Series VALUES(54,13,10,21,40,10,1741354748,400,1);
INSERT INTO Series VALUES(55,15,11,20,12.5,20,1741354864,250,0);
INSERT INTO Series VALUES(56,15,11,20,12.5,20,1741354928,250,0);
INSERT INTO Series VALUES(57,15,11,20,12.5,20,1741354943,250,0);
INSERT INTO Series VALUES(58,15,11,20,12.5,20,1741354985,250,0);
INSERT INTO Series VALUES(59,13,10,21,40,12,1741355196,480,0);
INSERT INTO Series VALUES(60,15,11,22,5,10,1741355196,50,1);
INSERT INTO Series VALUES(61,15,11,22,5,10,1741355333,50,0);
INSERT INTO Series VALUES(62,13,10,21,40,12,1741355460,480,0);
INSERT INTO Series VALUES(63,15,11,22,5,10,1741355601,50,0);
INSERT INTO Series VALUES(64,13,10,23,50,12,1741355771,600,0);
INSERT INTO Series VALUES(65,15,11,24,20,10,1741355821,200,0);
INSERT INTO Series VALUES(66,13,10,23,60,12,1741355855,720,1);
INSERT INTO Series VALUES(67,15,11,24,30,10,1741355893,300,1);
INSERT INTO Series VALUES(68,13,10,23,55,12,1741355993,660,0);
INSERT INTO Series VALUES(69,13,10,23,55,12,1741356304,660,0);
DELETE FROM sqlite_sequence;
INSERT INTO sqlite_sequence VALUES('Users',15);
INSERT INTO sqlite_sequence VALUES('GrupMuscular',12);
INSERT INTO sqlite_sequence VALUES('Exercici',24);
INSERT INTO sqlite_sequence VALUES('Entreno',11);
INSERT INTO sqlite_sequence VALUES('Series',69);
